{"parameters": {"nx": 4, "ny": 4, "A": 1, "nex": 4, "ney": 4, "ox": 10, "oy": 10, "interpolation_scales": ["bilinear", "cubic-spline", "cubic-spline"], "subsampling_scales": [3, 2, 1], "sigma_gauss_scales": [2, 1, 1], "Niter_scales": [30, 30, 30], "modes": "t+d", "tol": 1e-05, "mx": [3, 5, 6, 7], "my": [3, 4, 6, 7], "d0": null, "dire": "examples/data/lsclm_tensile_test/Ref/", "file_name0": "x100_11x11_stitch_A", "file_name1": "_I", "ndigits": 2, "sx": 1024, "sy": 1024, "extension": ".tif", "interpolation": "cubic-spline", "subsampling": 1, "sigma_gaussian": 1, "Niter": 30}, "projector": {"mx": [3, 5, 6, 7], "my": [3, 4, 6, 7], "p": [0.4013694151025717, -0.0977973548847711, -0.03805601149881829, 11.782011398092477, 2.5502088937639376, 0.12251023001801534, -27.053862713288336, 0.2737414807533309]}}