{"parameters": {"nx": 3, "ny": 4, "A": 1, "nex": 3, "ney": 4, "ox": 10, "oy": 10, "interpolation_scales": ["bilinear", "cubic-spline", "cubic-spline"], "subsampling_scales": [3, 2, 1], "sigma_gauss_scales": [2, 1, 0.8], "Niter_scales": [30, 30, 10], "modes": "t+d", "tol": 1e-05, "mx": [3, 4, 5, 6, 7, 9], "my": [3, 4, 5, 6, 7, 8], "d0": null, "dire": "examples/data/lscm_speckle/x100_3x4_10pct2/", "file_name0": "x100_epr-jerem_10pct_002_A", "file_name1": "_I", "ndigits": 3, "sx": 1024, "sy": 1024, "extension": ".tif", "interpolation": "cubic-spline", "subsampling": 1, "sigma_gaussian": 0.8, "Niter": 10}, "projector": {"mx": [3, 4, 5, 6, 7, 9], "my": [3, 4, 5, 6, 7, 8], "p": [0.3730207869921468, -0.08240736682999802, -0.10213449543744439, -0.14306162012453547, 11.51220528734891, 3.091908513370737, -0.35925939903779414, -0.048965333093620826, -4.656017106190916, -23.214172525730742, -0.0976772623234004, 9.817111480240431]}}