{"parameters": {"nx": 3, "ny": 4, "A": 1, "nex": 3, "ney": 4, "ox": 10, "oy": 10, "interpolation_scales": ["bilinear", "cubic-spline", "cubic-spline"], "subsampling_scales": [3, 2, 1], "sigma_gauss_scales": [2, 1, 0.8], "Niter_scales": [30, 30, 10], "modes": "t+d", "tol": 1e-05, "mx": [3, 4, 5, 6, 7], "my": [3, 4, 5, 6, 7], "d0": null, "dire": "examples/data/lscm_speckle/x100_3x4_10pct2/", "file_name0": "x100_epr-jerem_10pct_002_A", "file_name1": "_I", "ndigits": 3, "sx": 1024, "sy": 1024, "extension": ".tif", "interpolation": "cubic-spline", "subsampling": 1, "sigma_gaussian": 0.8, "Niter": 10}, "projector": {"mx": [3, 4, 5, 6, 7], "my": [3, 4, 5, 6, 7], "p": [0.37370270888772594, -0.045491175682844956, -0.14759503919868444, -0.19584412242917307, 11.511099449780584, -0.34334602351643595, -0.06401168054143194, -4.676212636756363, -23.233992990100177, -0.07111751159048572]}}