{"parameters": {"nx": 3, "ny": 4, "A": 1, "nex": 3, "ney": 4, "ox": 10, "oy": 10, "interpolation_scales": ["bilinear", "cubic-spline", "cubic-spline"], "subsampling_scales": [3, 2, 1], "sigma_gauss_scales": [2, 1, 0.8], "Niter_scales": [30, 30, 10], "modes": "t+d", "tol": 1e-05, "mx": [3, 5, 6, 7, 9], "my": [3, 4, 6, 7, 8], "d0": null, "dire": "examples/data/lscm_speckle/x100_3x4_10pct2/", "file_name0": "x100_epr-jerem_10pct_002_A", "file_name1": "_I", "ndigits": 3, "sx": 1024, "sy": 1024, "extension": ".tif", "interpolation": "cubic-spline", "subsampling": 1, "sigma_gaussian": 0.8, "Niter": 10}, "projector": {"mx": [3, 5, 6, 7, 9], "my": [3, 4, 6, 7, 8], "p": [0.39412862290127026, -0.13562596300094112, -0.1534389741149512, 11.528666448278116, 2.957650718204803, -0.3593098538209702, -0.020249767335448553, -23.19466541139833, -0.06483905843587685, 10.902202840212714]}}