{"parameters": {"nx": 4, "ny": 4, "A": 1, "nex": 4, "ney": 4, "ox": 10, "oy": 10, "interpolation_scales": ["bilinear", "cubic-spline", "cubic-spline"], "subsampling_scales": [3, 2, 1], "sigma_gauss_scales": [2, 1, 1], "Niter_scales": [30, 30, 30], "modes": "t+d", "tol": 1e-05, "mx": [3, 5, 6, 7], "my": [3, 4, 6, 7], "d0": null, "dire": "examples/data/lsclm_tensile_test/State2/", "file_name0": "210820_1625_000_A", "file_name1": "_I", "ndigits": 2, "sx": 1024, "sy": 1024, "extension": ".tif", "interpolation": "cubic-spline", "subsampling": 1, "sigma_gaussian": 1, "Niter": 30}, "projector": {"mx": [3, 5, 6, 7], "my": [3, 4, 6, 7], "p": [0.3583365263137494, -0.4840733680410387, 0.05752699200798595, 11.489857275668623, 0.7755280167677573, -0.16146499058044686, -24.393876477155626, 0.08952161034506526]}}