{"parameters": {"nx": 4, "ny": 4, "A": 1, "nex": 4, "ney": 4, "ox": 10, "oy": 10, "interpolation_scales": ["bilinear", "cubic-spline", "cubic-spline"], "subsampling_scales": [3, 2, 1], "sigma_gauss_scales": [2, 1, 1], "Niter_scales": [30, 30, 30], "modes": "t+d", "tol": 1e-05, "mx": [3, 5, 6, 7], "my": [3, 4, 6, 7], "d0": null, "dire": "examples/data/lsclm_tensile_test/State1/", "file_name0": "5-3_Rp0.1__000_A", "file_name1": "_I", "ndigits": 2, "sx": 1024, "sy": 1024, "extension": ".tif", "interpolation": "cubic-spline", "subsampling": 1, "sigma_gaussian": 1, "Niter": 30}, "projector": {"mx": [3, 5, 6, 7], "my": [3, 4, 6, 7], "p": [0.40429970967220996, -0.24087030101027773, 0.12778373713870445, 11.483254496215967, 1.8523426698707657, -0.10426090417873221, -26.178887024470548, 0.1394078880841661]}}