{"parameters": {"nx": 3, "ny": 4, "A": 1, "nex": 3, "ney": 4, "ox": 10, "oy": 10, "interpolation_scales": ["bilinear", "cubic-spline", "cubic-spline"], "subsampling_scales": [3, 2, 1], "sigma_gauss_scales": [2, 1, 0.8], "Niter_scales": [30, 30, 10], "modes": "t+d", "tol": 1e-05, "mx": [3, 5, 6, 7], "my": [3, 4, 6, 7], "d0": null, "dire": "examples/data/lscm_speckle/x100_3x4_10pct1/", "file_name0": "x100_epr-jerem_10pct_001_A", "file_name1": "_I", "ndigits": 3, "sx": 1024, "sy": 1024, "extension": ".tif", "interpolation": "cubic-spline", "subsampling": 1, "sigma_gaussian": 0.8, "Niter": 10}, "projector": {"mx": [3, 5, 6, 7], "my": [3, 4, 6, 7], "p": [0.4058329827475969, -0.15078397248135356, -0.19734144490840885, 11.63461018332302, -0.37106650417074016, 0.049794206975806145, -23.34374484898862, -0.17060366637207683]}}