{"parameters": {"nx": 3, "ny": 4, "A": 1, "nex": 3, "ney": 4, "ox": 10, "oy": 10, "interpolation_scales": ["bilinear", "cubic-spline", "cubic-spline"], "subsampling_scales": [3, 2, 1], "sigma_gauss_scales": [2, 1, 0.8], "Niter_scales": [30, 30, 10], "modes": "t+d", "tol": 1e-05, "mx": [3, 4, 5, 6, 7, 9], "my": [3, 4, 5, 6, 7, 8], "d0": null, "dire": "examples/data/lscm_speckle/x100_3x4_10pct1/", "file_name0": "x100_epr-jerem_10pct_001_A", "file_name1": "_I", "ndigits": 3, "sx": 1024, "sy": 1024, "extension": ".tif", "interpolation": "cubic-spline", "subsampling": 1, "sigma_gaussian": 0.8, "Niter": 10}, "projector": {"mx": [3, 4, 5, 6, 7, 9], "my": [3, 4, 5, 6, 7, 8], "p": [0.3738796833932911, 0.04818412121178704, -0.11583913638694096, -0.1634648547557127, 11.456467006308142, 2.9188460029934697, -0.36380558339227925, -0.004112940158301614, -4.8327615321644855, -23.449933400043694, -0.18366638360149262, 7.632290632182725]}}