{"parameters": {"nx": 3, "ny": 3, "A": 1, "nex": 3, "ney": 3, "ox": 20, "oy": 20, "interpolation_scales": ["bilinear", "cubic-spline", "cubic-spline"], "subsampling_scales": [3, 2, 1], "sigma_gauss_scales": [2, 1, 0.8], "Niter_scales": [30, 30, 10], "modes": "t+d", "tol": 0.0001, "mx": [3, 4, 5, 7, 8], "my": [3, 4, 5, 6, 9], "d0": null, "dire": "examples/data/artificial_speckle/", "file_name0": "speckle_image_A", "file_name1": "", "ndigits": 2, "sx": 1024, "sy": 1024, "extension": ".tif", "interpolation": "cubic-spline", "subsampling": 1, "sigma_gaussian": 0.8, "Niter": 10}, "projector": {"mx": [3, 4, 5, 7, 8], "my": [3, 4, 5, 6, 9], "p": [16.00017661283073, 17.999960427412237, 6.0009239339283935, 3.9991949286506623, 4.008838229118863, 12.000311465235642, 7.999958263736133, 24.000162107412596, 4.00213104047411, 4.02774360974705]}}